"UTIL_DEVICE_ID","NIC_MAC_ID","UIQ_DEVICE_STATE","IP_ADDRESS","LATITUDE_DEG","LONGITUDE_DEG","INSERT_TS","'STREETLIGHT'","UTIL_PREMISE_ID","ADDRESS1","INSTANT_POWER","INSTANT_VOLTAGE","ENERGY_DELIVERED","CURRENT_MAGNITUDE"
"0000000012159616",0013500500564172,"Discovered","fdc5:31e4:14e:1a:213:5005:56:4172",-37.8189572,9551552,,"Street Light","","COLLINS STREET JEMENA LAB",0,243,947,0
"0000000012159368",0013500500564D3C,"Discovered","fdc5:31e4:14e:2d:213:5005:56:4d3c",-37.7948699894,144.9332923221,19/JUL/18 02:34:50.551073000 AM,"Street Light","A026917","51 ALBERMARLE STREET",,,,
"0000000012159526",0013500500563488,"Discovered","fdc5:31e4:14e:2d:213:5005:56:3488",-37.7957328074,144.9334113343,19/JUL/18 02:34:50.553365000 AM,"Street Light","A026926","22 ALBERMARLE STREET",,,,
"0000000012159528",001350050056305E,"Discovered","fdc5:31e4:14e:2d:213:5005:56:305e",-37.7965717199,144.9332516628,19/JUL/18 02:34:50.554852000 AM,"Street Light","A028308","2 ALBERMARLE STREET",,,,
"0000000012159423",0013500500561BD2,"Discovered","fdc5:31e4:14e:54:213:5005:56:1bd2",-37.7967407583,144.9253756044,19/JUL/18 02:34:50.556207000 AM,"Street Light","A116223","84 ALTONA STREET",,,,
"0000000012159395",0013500500564E3A,"Discovered","fdc5:31e4:14e:2d:213:5005:56:4e3a",37.7979165337,144.926468381,19/JUL/18 02:34:50.558116000 AM,"Street Light","A116220","50 ALTONA STREET",,,,
"0000000012159387",0013500500564D46,"Discovered","fdc5:31e4:14e:54:213:5005:56:4d46",-37.7970891644,144.9256981104,19/JUL/18 02:34:50.559535000 AM,"Street Light","A116224","78 ALTONA STREET",,,,
"0000000012159417",0013500500564E4C,"Discovered","fdc5:31e4:14e:2d:213:5005:56:4e4c",-37.797621669,144.926191456,19/JUL/18 02:34:50.561000000 AM,"Street Light","A067893","60 ALTONA STREET",,,,
"0000000012159422",0013500500564E2D,"Discovered","fdc5:31e4:14e:2d:213:5005:56:4e2d",-37.7964009094,144.9250611069,19/JUL/18 02:34:50.562447000 AM,"Street Light","A116222","104 ALTONA STREET",,,,
"0000000012159511",0013500500562886,"Discovered","fdc5:31e4:14e:96:213:5005:56:2886",-37.7897002259,144.9281763871,19/JUL/18 02:34:50.589959000 AM,"Street Light","A036141","18 ANTHONY STREET",,,,
"0000000012159504",0013500500563060,"Discovered","fdc5:31e4:14e:2d:213:5005:56:3060",-37.7991768354,144.9339081306,19/JUL/18 02:34:50.591388000 AM,"Street Light","A133930","329 ARDEN STREET",,,,
"0000000012159531",0013500500563487,"Discovered","fdc5:31e4:14e:2d:213:5005:56:3487",-37.7991329713,144.9342695433,19/JUL/18 02:34:50.592702000 AM,"Street Light","A026968","350 ARDEN STREET",,,,
"0000000012159494",00135005005628B9,"Discovered","fdc5:31e4:14e:2d:213:5005:56:28b9",-37.7990624556,144.9336095599,19/JUL/18 02:34:50.606495000 AM,"Street Light","A030860","329 ARDEN STREET",,,,
"0000000012159507",0013500500563486,"Discovered","fdc5:31e4:14e:2d:213:5005:56:3486",37.7990543118,144.933397114,19/JUL/18 02:34:50.634385000 AM,"Street Light","A030859","345 ARDEN STREET",,,,
"0000000012159536",00135005005634BC,"Discovered","fdc5:31e4:14e:2d:213:5005:56:34bc",-37.7966610247,144.9340270978,19/JUL/18 02:34:50.635851000 AM,"Street Light","A028311","2 BARRETT STREET",,,,
"0000000012159532",00135005005634BD,"Discovered","fdc5:31e4:14e:2d:213:5005:56:34bd",-37.7975477076,144.9344339653,19/JUL/18 02:34:50.637982000 AM,"Street Light","A145441","13 BARRETT STREET",,,,
"0000000012159549",0013500500562868,"Discovered","fdc5:31e4:14e:96:213:5005:56:2868",-37.7881881168,144.9287460141,19/JUL/18 02:34:50.641953000 AM,"Street Light","A030680","12 BELLAIR STREET",,,,
"0000000012159429",0013500500563432,"Discovered","fdc5:31e4:14e:96:213:5005:56:3432",-37.7885438443,144.9288832249,19/JUL/18 02:34:50.645133000 AM,"Street Light","A021385","12 BELLAIR STREET",,,,
"0000000012159577",00135005005643DA,"Discovered","fdc5:31e4:14e:2d:213:5005:56:43da",37.7888803962,144.928959028,19/JUL/18 02:34:50.646898000 AM,"Street Light","A021384","22 BELLAIR STREET",,,,
"0000000012159593",00135005005642DA,"Discovered","fdc5:31e4:14e:96:213:5005:56:42da",-37.7894796392,144.9291080538,19/JUL/18 02:34:50.648859000 AM,"Street Light","A021382","22 BELLAIR STREET",,,,
"0000000012159589",00135005005647CB,"Discovered","fdc5:31e4:14e:96:213:5005:56:47cb",-37.7891728186,144.9290348942,19/JUL/18 02:34:50.656563000 AM,"Street Light","A021383","22 BELLAIR STREET",,,,
"0000000012159465",0013500500565268,"Discovered","fdc5:31e4:14e:2d:213:5005:56:5268",-37.7911967468,144.9295294367,19/JUL/18 02:34:50.660097000 AM,"Street Light","A148448","86 BELLAIR STREET",,,,
"0000000012159205",001350050063DE93,"Discovered","fdc5:31e4:14e:2d:213:5005:63:de93",-37.7931551739,144.9300115913,19/JUL/18 02:34:50.730663000 AM,"Street Light","A030295","158 BELLAIR STREET",,,,
"0000000012159610",0013500500564187,"Discovered","fdc5:31e4:14e:2d:213:5005:56:4187",37.7933850931,144.930067633,19/JUL/18 02:34:50.732083000 AM,"Street Light","A030294","168 BELLAIR STREET",,,,
"0000000012159556",0013500500563042,"Discovered","fdc5:31e4:14e:2d:213:5005:56:3042",37.7937769942,144.930163432,19/JUL/18 02:34:50.733518000 AM,"Street Light","A030293","180 BELLAIR STREET",,,,
"0000000012159518",00135005005634B2,"Discovered","fdc5:31e4:14e:2d:213:5005:56:34b2",-37.7939339521,144.9303793294,19/JUL/18 02:34:50.734881000 AM,"Street Light","A026360","205 BELLAIR STREET",,,,
"0000000012159510",0013500500563043,"Discovered","fdc5:31e4:14e:2d:213:5005:56:3043",-37.7941835107,144.9302627307,19/JUL/18 02:34:50.737500000 AM,"Street Light","A030292","200 BELLAIR STREET",,,,
"0000000012159584",001350050056413C,"Discovered","fdc5:31e4:14e:2d:213:5005:56:413c",-37.7960598127,144.9307368094,19/JUL/18 02:34:50.739700000 AM,"Street Light","A030286","252 BELLAIR STREET",,,,
"0000000012159575",001350050056416D,"Discovered","fdc5:31e4:14e:2d:213:5005:56:416d",-37.7964043819,144.9308566262,19/JUL/18 02:34:50.740998000 AM,"Street Light","A030285","260 BELLAIR STREET",,,,
"0000000012159585",00135005005642CC,"Discovered","fdc5:31e4:14e:2d:213:5005:56:42cc",-37.7968859245,144.9311305605,19/JUL/18 02:34:50.742238000 AM,"Street Light","A028361","272 BELLAIR STREET",,,,
"0000000012159578",0013500500564DB3,"Discovered","fdc5:31e4:14e:96:213:5005:56:4db3",-37.7973555168,144.9312900823,19/JUL/18 02:34:50.743446000 AM,"Street Light","A028352","290 BELLAIR STREET",,,,
"0000000012159530",00135005005634B9,"Discovered","fdc5:31e4:14e:2d:213:5005:56:34b9",-37.7983313688,144.9345665443,19/JUL/18 02:34:50.757240000 AM,"Street Light","A028982","28 BRUCE STREET",,,,
"0000000012159416",0013500500564E4A,"Discovered","fdc5:31e4:14e:2d:213:5005:56:4e4a",-37.7963298154,144.9322555884,19/JUL/18 02:34:50.761418000 AM,"Street Light","A026950","11 CHELMSFORD STREET",,,,
"0000000012159527",00135005005634A1,"Discovered","fdc5:31e4:14e:2d:213:5005:56:34a1",-37.7963820039,144.9325585147,19/JUL/18 02:34:50.764256000 AM,"Street Light","A030299","19 CHELMSFORD STREET",,,,
"0000000012159534",001350050056305A,"Discovered","fdc5:31e4:14e:2d:213:5005:56:305a",-37.7967359569,144.9346913779,19/JUL/18 02:34:50.766874000 AM,"Street Light","A028994","53 CHELMSFORD STREET",,,,
"0000000012159603",001350050056509E,"Discovered","fdc5:31e4:14e:96:213:5005:56:509e",37.7963199998,144.927597359,19/JUL/18 02:34:50.776545000 AM,"Street Light","A026853","46 DERBY STREET",,,,
"0000000012159590",00135005005642CD,"Discovered","fdc5:31e4:14e:2d:213:5005:56:42cd",-37.7966040876,144.9278642856,19/JUL/18 02:34:50.780166000 AM,"Street Light","A026854","11 DERBY STREET",,,,
"0000000012159602",0013500500564CBB,"Discovered","fdc5:31e4:14e:2d:213:5005:56:4cbb",-37.7972919457,144.9285113335,19/JUL/18 02:34:50.783537000 AM,"Street Light","A028396","35 DERBY STREET",,,,
"0000000012159594",0013500500564184,"Discovered","fdc5:31e4:14e:2d:213:5005:56:4184",-37.7975881059,144.9287828019,19/JUL/18 02:34:50.784865000 AM,"Street Light","A028394","45 DERBY STREET",,,,
"0000000012159601",0013500500562A17,"Discovered","fdc5:31e4:14e:2d:213:5005:56:2a17",-37.7979928853,144.9291496692,19/JUL/18 02:34:50.786164000 AM,"Street Light","A134929","61 DERBY STREET",,,,
"0000000012159392",0013500500564E30,"Discovered","fdc5:31e4:14e:2d:213:5005:56:4e30",-37.7890016048,144.9295971862,19/JUL/18 02:34:50.790032000 AM,"Street Light","A028425","13 EASTWOOD STREET",,,,
"0000000012159400",0013500500564D50,"Discovered","fdc5:31e4:14e:96:213:5005:56:4d50",-37.7888618996,144.9302131597,19/JUL/18 02:34:50.791495000 AM,"Street Light","A028568","11 EASTWOOD STREET",,,,
"0000000012159555",0013500500562866,"Discovered","fdc5:31e4:14e:96:213:5005:56:2866",-37.7905371222,144.9299517983,19/JUL/18 02:34:50.795242000 AM,"Street Light","A123647","51 EASTWOOD STREET",,,,
"0000000012159606",0013500500564171,"Discovered","fdc5:31e4:14e:2d:213:5005:56:4171",-37.7934258634,144.9306456168,19/JUL/18 02:34:50.796710000 AM,"Street Light","A142920","127 EASTWOOD STREET",,,,
"0000000012159522",001350050056348C,"Discovered","fdc5:31e4:14e:2d:213:5005:56:348c",37.7955903476,144.931507369,19/JUL/18 02:34:50.797990000 AM,"Street Light","A026939","151 EASTWOOD STREET",,,,
"0000000012159420",0013500500561BD0,"Discovered","fdc5:31e4:14e:2d:213:5005:56:1bd0",37.7957437514,144.931417927,19/JUL/18 02:34:50.799241000 AM,"Street Light","A026940","153 EASTWOOD STREET",,,,
"0000000012159496",001350050056303F,"Discovered","fdc5:31e4:14e:2d:213:5005:56:303f",-37.7959484408,144.9316291283,19/JUL/18 02:34:50.813990000 AM,"Street Light","A026941","161 EASTWOOD STREET",,,,
"0000000012159529",0013500500563061,"Discovered","fdc5:31e4:14e:2d:213:5005:56:3061",-37.7963919053,144.9316848761,19/JUL/18 02:34:50.816990000 AM,"Street Light","A097497","167 EASTWOOD STREET",,,,
"0000000012159427",0013500500564E2E,"Discovered","fdc5:31e4:14e:2d:213:5005:56:4e2e",-37.7964233299,144.9319861328,19/JUL/18 02:34:50.822170000 AM,"Street Light","A026949","10 ELIZABETH STREET",,,,
"0000000012159535",00135005005634BB,"Discovered","fdc5:31e4:14e:2d:213:5005:56:34bb",-37.7966909651,144.9326808437,19/JUL/18 02:34:50.826589000 AM,"Street Light","A128964","1 ELIZABETH STREET",,,,
"0000000012159498",0013500500562885,"Discovered","fdc5:31e4:14e:2d:213:5005:56:2885",-37.7970260628,144.9327997307,19/JUL/18 02:34:50.828785000 AM,"Street Light","A030851","9 ELIZABETH STREET",,,,
"0000000012159500",0013500500563041,"Discovered","fdc5:31e4:14e:2d:213:5005:56:3041",-37.7973017144,144.9328962789,19/JUL/18 02:34:50.830221000 AM,"Street Light","A030852","9 ELIZABETH STREET",,,,
"0000000012159497",00135005005634B3,"Discovered","fdc5:31e4:14e:2d:213:5005:56:34b3",-37.7978420944,144.9330811187,19/JUL/18 02:34:50.831738000 AM,"Street Light","A030854","31 ELIZABETH STREET",,,,
"0000000012159537",001350050056349F,"Discovered","fdc5:31e4:14e:2d:213:5005:56:349f",-37.7981549212,144.9331916465,19/JUL/18 02:34:50.833176000 AM,"Street Light","A030855","39 ELIZABETH STREET",,,,
"0000000012159506",00135005005628BB,"Discovered","fdc5:31e4:14e:2d:213:5005:56:28bb",-37.7984124929,144.9332855101,19/JUL/18 02:34:50.837369000 AM,"Street Light","A030856","43 ELIZABETH STREET",,,,
"0000000012159525",001350050056348B,"Discovered","fdc5:31e4:14e:2d:213:5005:56:348b",-37.7987722771,144.9332972987,19/JUL/18 02:34:50.839716000 AM,"Street Light","A028322","51 ELIZABETH STREET",,,,
"0000000012159378",0013500500564D42,"Discovered","fdc5:31e4:14e:5b:213:5005:56:4d42",-37.7795542912,144.9134335667,19/JUL/18 02:34:50.841112000 AM,"Street Light","A011382","127 EPSOM ROAD",,,,
"0000000012159248",0013500500562681,"Discovered","fdc5:31e4:14e:96:213:5005:56:2681",-37.7875074935,144.9215083334,19/JUL/18 02:34:50.842418000 AM,"Street Light","A030424","530 EPSOM ROAD",,,,
"0000000012159245",0013500500562659,"Discovered","fdc5:31e4:14e:96:213:5005:56:2659",-37.7875074935,144.9215083334,19/JUL/18 02:34:50.845874000 AM,"Street Light","A030424","530 EPSOM ROAD",,,,
"0000000012159538",00135005005634A5,"Discovered","fdc5:31e4:14e:2d:213:5005:56:34a5",-37.7975899412,144.9329904784,19/JUL/18 02:34:50.848820000 AM,"Street Light","A030853","2 FINK STREET",,,,
"0000000012159404",0013500500564DB7,"Discovered","fdc5:31e4:14e:54:213:5005:56:4db7",37.7872119487,144.905025893,19/JUL/18 02:34:50.850425000 AM,"Street Light","A011627","39 FISHER PARADE",,,,
"0000000012159421",0013500500564D4A,"Discovered","fdc5:31e4:14e:54:213:5005:56:4d4a",-37.7875024536,144.9049186817,19/JUL/18 02:34:50.857072000 AM,"Street Light","A011629","41 FISHER PARADE",,,,
"0000000012159407",0013500500564E3C,"Discovered","fdc5:31e4:14e:54:213:5005:56:4e3c",37.7877648493,144.904821518,19/JUL/18 02:34:50.858462000 AM,"Street Light","A108271"," FISHER PARADE",,,,
"0000000012159373",0013500500564DFD,"Discovered","fdc5:31e4:14e:a2:213:5005:56:4dfd",-37.7883215851,144.9045581992,19/JUL/18 02:34:50.859792000 AM,"Street Light","A011632","53 FISHER PARADE",,,,
"0000000012159370",0013500500564D3F,"Discovered","fdc5:31e4:14e:54:213:5005:56:4d3f",-37.7890858414,144.9039905219,19/JUL/18 02:34:50.861409000 AM,"Street Light","A011635","85 FISHER PARADE",,,,
"0000000012159402",0013500500564DB9,"Discovered","fdc5:31e4:14e:40:213:5005:56:4db9",-37.7894157531,144.9033071785,19/JUL/18 02:34:50.863077000 AM,"Street Light","A011660","79 FISHER PARADE",,,,
"0000000012159383",0013500500563449,"Discovered","fdc5:31e4:14e:54:213:5005:56:3449",-37.7893118496,144.9038211037,19/JUL/18 02:34:50.912865000 AM,"Street Light","A014667","75 FISHER PARADE",,,,
"0000000012159409",0013500500561B90,"Discovered","fdc5:31e4:14e:54:213:5005:56:1b90",-37.7892979121,144.9035656346,19/JUL/18 02:34:50.914294000 AM,"Street Light","A137982","79 FISHER PARADE",,,,
"0000000012159558",001350050056304E,"Discovered","fdc5:31e4:14e:54:213:5005:56:304e",-37.7896822911,144.9036417199,19/JUL/18 02:34:50.916009000 AM,"Street Light","A011664","79 FISHER PARADE",,,,
"0000000012159499",00135005005634B4,"Discovered","fdc5:31e4:14e:2d:213:5005:56:34b4",-37.7943054183,144.9272630116,19/JUL/18 02:34:50.917303000 AM,"Street Light","A026821","2 KENSINGTON ROAD",,,,
"0000000012159580",00135005005647F1,"Discovered","fdc5:31e4:14e:2d:213:5005:56:47f1",-37.7945988873,144.9269902279,19/JUL/18 02:34:50.918852000 AM,"Street Light","A026900","21 KENSINGTON ROAD",,,,
"0000000012159596",00135005005642DE,"Discovered","fdc5:31e4:14e:2d:213:5005:56:42de",-37.7949636821,144.9263667593,19/JUL/18 02:34:50.920494000 AM,"Street Light","A026002","33 KENSINGTON ROAD",,,,
"0000000012159515",0013500500562887,"Discovered","fdc5:31e4:14e:2d:213:5005:56:2887",-37.795032014,144.925998069,19/JUL/18 02:34:50.967297000 AM,"Street Light","A026817","42 KENSINGTON ROAD",,,,
"0000000012159390",0013500500563447,"Discovered","fdc5:31e4:14e:2d:213:5005:56:3447",7.7956552847,144.92516066,19/JUL/18 02:34:50.969136000 AM,"Street Light","A026005","63 KENSINGTON ROAD",,,,
"0000000012159233",0013500500562BB6,"Discovered","fdc5:31e4:14e:2d:213:5005:56:2bb6",-37.7959489419,144.9246508226,19/JUL/18 02:34:50.970705000 AM,"Street Light","A026007","82 KENSINGTON ROAD",,,,
"0000000012159223",0013500500562BC4,"Discovered","fdc5:31e4:14e:2d:213:5005:56:2bc4",37.7960495089,144.924734977,19/JUL/18 02:34:50.974569000 AM,"Street Light","A116221","65 KENSINGTON ROAD",,,,
"0000000012159222",0013500500562BAD,"Discovered","fdc5:31e4:14e:2d:213:5005:56:2bad",37.7960848141,144.924170837,19/JUL/18 02:34:50.979049000 AM,"Street Light","A026814","90 KENSINGTON ROAD",,,,
"0000000012159224",0013500500562F7B,"Discovered","fdc5:31e4:14e:2d:213:5005:56:2f7b",-37.7952504151,144.9258635984,19/JUL/18 02:34:50.981871000 AM,"Street Light","A026003","39 KENSINGTON ROAD",,,,
"0000000012159397",0013500500564DB5,"Discovered","fdc5:31e4:14e:2d:213:5005:56:4db5",-37.7964319398,144.9235683356,19/JUL/18 02:34:50.983231000 AM,"Street Light","A026813","98 KENSINGTON ROAD",,,,
"0000000012159220",0013500500562650,"Discovered","fdc5:31e4:14e:2d:213:5005:56:2650",-37.7963712047,144.9239457828,19/JUL/18 02:34:50.986397000 AM,"Street Light","A026019","90 KENSINGTON ROAD",,,,
"0000000012159226",001350050056264C,"Discovered","fdc5:31e4:14e:2d:213:5005:56:264c",-37.7967670857,144.9232570892,19/JUL/18 02:34:50.989130000 AM,"Street Light","A026021","102 KENSINGTON ROAD",,,,
"0000000012159230",0013500500562683,"Discovered","fdc5:31e4:14e:2d:213:5005:56:2683",-37.7969438876,144.9229495257,19/JUL/18 02:34:50.990510000 AM,"Street Light","A026022","110 KENSINGTON ROAD",,,,
"0000000012159221",001350050056265C,"Discovered","fdc5:31e4:14e:2d:213:5005:56:265c",-37.7972260882,144.9224584804,19/JUL/18 02:34:50.992077000 AM,"Street Light","A026024","67 KENSINGTON ROAD",,,,
"0000000012159231",0013500500562656,"Discovered","fdc5:31e4:14e:2d:213:5005:56:2656",-37.7976473058,144.9217256208,19/JUL/18 02:34:50.994323000 AM,"Street Light","A026026","126 KENSINGTON ROAD",,,,
"0000000012159228",0013500500562654,"Discovered","fdc5:31e4:14e:2d:213:5005:56:2654",37.7977622889,144.921227443,19/JUL/18 02:34:50.996178000 AM,"Street Light","A026809","132 KENSINGTON ROAD",,,,
"0000000012159377",0013500500564E3D,"Discovered","fdc5:31e4:14e:9e:213:5005:56:4e3d",-37.7807496301,144.9113975389,19/JUL/18 02:34:51.013219000 AM,"Street Light","A009722","8 LANGS ROAD",,,,
"0000000012159406",0013500500564E0B,"Discovered","fdc5:31e4:14e:9e:213:5005:56:4e0b",-37.7819453279,144.9093482299,19/JUL/18 02:34:51.027264000 AM,"Street Light","A012199","28 LANGS ROAD",,,,
"0000000012159403",0013500500561AE9,"Discovered","fdc5:31e4:14e:54:213:5005:56:1ae9",-37.7829440936,144.9079701281,19/JUL/18 02:34:51.028917000 AM,"Street Light","A133108","50 LANGS ROAD",,,,
"0000000012159381",0013500500564E0C,"Discovered","fdc5:31e4:14e:9e:213:5005:56:4e0c",-37.7813265821,144.9104146009,19/JUL/18 02:34:51.032992000 AM,"Street Light","A012197","14 LANGS ROAD",,,,
"0000000012159391",0013500500561B8C,"Discovered","fdc5:31e4:14e:2d:213:5005:56:1b8c",-37.7888400036,144.9232170276,19/JUL/18 02:34:51.035532000 AM,"Street Light","A021317","28 LITTLE BENDALL STREET",,,,
"0000000012159414",0013500500564D40,"Discovered","fdc5:31e4:14e:96:213:5005:56:4d40",-37.7889592707,144.9230349182,19/JUL/18 02:34:51.036889000 AM,"Street Light","A021316","28 LITTLE BENDALL STREET",,,,
"0000000012159315",00135005005652EF,"Discovered","fdc5:31e4:14e:2d:213:5005:56:52ef",-37.7945988516,144.9309842511,19/JUL/18 02:34:51.038948000 AM,"Street Light","A100628","458 MACAULAY ROAD",,,,
"0000000012159305",0013500500564728,"Discovered","fdc5:31e4:14e:2d:213:5005:56:4728",-37.7945286713,144.9313809686,19/JUL/18 02:34:51.041680000 AM,"Street Light","A026912","456 MACAULAY ROAD",,,,
"0000000012159431",0013500500561B8D,"Discovered","fdc5:31e4:14e:2d:213:5005:56:1b8d",-37.7947008916,144.9312017527,19/JUL/18 02:34:51.043938000 AM,"Street Light","A026929","457 MACAULAY ROAD",,,,
"0000000012159520",0013500500563485,"Discovered","fdc5:31e4:14e:2d:213:5005:56:3485",-37.7949810993,144.9312995507,19/JUL/18 02:34:51.045611000 AM,"Street Light","A026930","457 MACAULAY ROAD",,,,
"0000000012159333",0013500500564724,"Discovered","fdc5:31e4:14e:2d:213:5005:56:4724",-37.7951058278,144.9354286726,19/JUL/18 02:34:51.049218000 AM,"Street Light","A026953","331 MACAULAY ROAD",,,,
"0000000012159451",001350050056525E,"Discovered","fdc5:31e4:14e:2d:213:5005:56:525e",-37.7948657257,144.9349150842,19/JUL/18 02:34:51.050796000 AM,"Street Light","A137220","347 MACAULAY ROAD",,,,
"0000000012159453",001350050056472D,"Discovered","fdc5:31e4:14e:2d:213:5005:56:472d",-37.7948657257,144.9349150842,19/JUL/18 02:34:51.052797000 AM,"Street Light","A137220","347 MACAULAY ROAD",,,,
"0000000012159455",0013500500564759,"Discovered","fdc5:31e4:14e:2d:213:5005:56:4759",-37.7948508052,144.9349656157,19/JUL/18 02:34:51.054197000 AM,"Street Light","A026967","347 MACAULAY ROAD",,,,
"0000000012159447",001350050056472A,"Discovered","fdc5:31e4:14e:2d:213:5005:56:472a",-37.7948751838,144.9344539079,19/JUL/18 02:34:51.055847000 AM,"Street Light","A026958","369 MACAULAY ROAD",,,,
"0000000012159314",0013500500565239,"Discovered","fdc5:31e4:14e:2d:213:5005:56:5239",-37.7950302664,144.9346696881,19/JUL/18 02:34:51.059695000 AM,"Street Light","A026956","347 MACAULAY ROAD",,,,
"0000000012159322",00135005005652F3,"Discovered","fdc5:31e4:14e:2d:213:5005:56:52f3",-37.7949612138,144.9340652216,19/JUL/18 02:34:51.061066000 AM,"Street Light","A026915","369 MACAULAY ROAD",,,,
"0000000012159363",0013500500564E0A,"Discovered","fdc5:31e4:14e:2d:213:5005:56:4e0a",-37.7946917649,144.9328872428,19/JUL/18 02:34:51.064420000 AM,"Street Light","A026914","413 MACAULAY ROAD",,,,
"0000000012159301",0013500500564707,"Discovered","fdc5:31e4:14e:2d:213:5005:56:4707",-37.7948466319,144.9330864675,19/JUL/18 02:34:51.066187000 AM,"Street Light","A026918","411 MACAULAY ROAD",,,,
"0000000012159309",00135005005652B2,"Discovered","fdc5:31e4:14e:96:213:5005:56:52b2",-37.7946070476,144.9321173801,19/JUL/18 02:34:51.067819000 AM,"Street Light","A026913","434 MACAULAY ROAD",,,,
"0000000012159326",00135005005652EE,"Discovered","fdc5:31e4:14e:2d:213:5005:56:52ee",-37.7947644597,144.9323634567,19/JUL/18 02:34:51.069269000 AM,"Street Light","A026920","433 MACAULAY ROAD",,,,
"0000000012159316",0013500500564731,"Discovered","fdc5:31e4:14e:2d:213:5005:56:4731",-37.7946862187,144.9317506314,19/JUL/18 02:34:51.073557000 AM,"Street Light","A026922","453 MACAULAY ROAD",,,,
"0000000012159275",0013500500562F7F,"Discovered","fdc5:31e4:14e:96:213:5005:56:2f7f",-37.7879643951,144.9266817103,19/JUL/18 02:34:51.074944000 AM,"Street Light","A030685","8 MARKET STREET",,,,
"0000000012159190",0013500500564231,"Discovered","fdc5:31e4:14e:96:213:5005:56:4231",-37.7909463969,144.9252186761,19/JUL/18 02:34:51.076397000 AM,"Street Light","A021374","82 MARKET STREET",,,,
"0000000012159219",0013500500562BC8,"Discovered","fdc5:31e4:14e:2d:213:5005:56:2bc8",-37.7914393517,144.9276884912,19/JUL/18 02:34:51.080235000 AM,"Street Light","A030484","44 MCCRACKEN STREET",,,,
"0000000012159516",00135005005634A0,"Discovered","fdc5:31e4:14e:96:213:5005:56:34a0",-37.7903614926,144.9278682078,19/JUL/18 02:34:51.099048000 AM,"Street Light","A030613","15 MCCRACKEN STREET",,,,
"0000000012159294",001350050056525D,"Discovered","fdc5:31e4:14e:2d:213:5005:56:525d",-37.7921207406,144.9278448342,19/JUL/18 02:34:51.100410000 AM,"Street Light","A030618","59 MCCRACKEN STREET",,,,
"0000000012159607",00135005005643D7,"Discovered","fdc5:31e4:14e:2d:213:5005:56:43d7",-37.7924695992,144.9276663926,19/JUL/18 02:34:51.102211000 AM,"Street Light","A030481","62 MCCRACKEN STREET",,,,
"0000000012159517",00135005005628BD,"Discovered","fdc5:31e4:14e:2d:213:5005:56:28bd",-37.7928629552,144.9277950928,19/JUL/18 02:34:51.103544000 AM,"Street Light","A026289","77 MCCRACKEN STREET",,,,
"0000000012159202",0013500500564833,"Discovered","fdc5:31e4:14e:2d:213:5005:56:4833",-37.7936307113,144.9276384442,19/JUL/18 02:34:51.119773000 AM,"Street Light","A026285","84 MCCRACKEN STREET",,,,
"0000000012159583",001350050056416B,"Discovered","fdc5:31e4:14e:2d:213:5005:56:416b",-37.7967874932,144.9301963647,19/JUL/18 02:34:51.121389000 AM,"Street Light","A028380","18 ORMOND STREET",,,,
"0000000012159540",001350050056349D,"Discovered","fdc5:31e4:14e:96:213:5005:56:349d",-37.7877402485,144.9246812598,19/JUL/18 02:34:51.226526000 AM,"Street Light","A070694","474 RACECOURSE ROAD",,,,
"0000000012159276",001350050056267C,"Discovered","fdc5:31e4:14e:96:213:5005:56:267c",-37.7877061352,144.9243491623,19/JUL/18 02:34:51.228093000 AM,"Street Light","A030693","478 RACECOURSE ROAD",,,,
"0000000012159269",0013500500562655,"Discovered","fdc5:31e4:14e:96:213:5005:56:2655",-37.7876660509,144.9239590476,19/JUL/18 02:34:51.229408000 AM,"Street Light","A030694","496 RACECOURSE ROAD",,,,
"0000000012159273",001350050056266A,"Discovered","fdc5:31e4:14e:96:213:5005:56:266a",37.7878906576,144.925975208,19/JUL/18 02:34:51.244236000 AM,"Street Light","A030420","405 RACECOURSE ROAD",,,,
"0000000012159274",0013500500562647,"Discovered","fdc5:31e4:14e:96:213:5005:56:2647",-37.7879257766,144.9263319315,19/JUL/18 02:34:51.245654000 AM,"Street Light","A030419"," RACECOURSE ROAD",,,,
"0000000012159524",0013500500563482,"Discovered","fdc5:31e4:14e:96:213:5005:56:3482",-37.7880198325,144.9271684309,19/JUL/18 02:34:51.246994000 AM,"Street Light","A030684","397 RACECOURSE ROAD",,,,
"0000000012159566",001350050056300B,"Discovered","fdc5:31e4:14e:96:213:5005:56:300b",-37.7881395207,144.9243139948,19/JUL/18 02:34:51.248435000 AM,"Street Light","A021321","407 RACECOURSE ROAD",,,,
"0000000012159398",0013500500564D53,"Discovered","fdc5:31e4:14e:96:213:5005:56:4d53",-37.7882973328,144.9240674697,19/JUL/18 02:34:51.249888000 AM,"Street Light","A021320","407 RACECOURSE ROAD",,,,
"0000000012159244",0013500500562675,"Discovered","fdc5:31e4:14e:40:213:5005:56:2675",-37.7875511712,144.9217002178,19/JUL/18 02:34:51.251201000 AM,"Street Light","A010870"," RACECOURSE ROAD",,,,
"0000000012159458",001350050056472E,"Discovered","fdc5:31e4:14e:96:213:5005:56:472e",-37.7875140036,144.9219298527,19/JUL/18 02:34:51.252489000 AM,"Street Light","A010869"," RACECOURSE ROAD",,,,
"0000000012159242",0013500500562682,"Discovered","fdc5:31e4:14e:96:213:5005:56:2682",-37.7875913165,144.9231008607,19/JUL/18 02:34:51.253994000 AM,"Street Light","A071201","413 RACECOURSE ROAD",,,,
"0000000012159271",0013500500562BD5,"Discovered","fdc5:31e4:14e:96:213:5005:56:2bd5",-37.7875514738,144.9227333603,19/JUL/18 02:34:51.255284000 AM,"Street Light","A071124","528 RACECOURSE ROAD",,,,
"0000000012159410",0013500500564D47,"Discovered","fdc5:31e4:14e:54:213:5005:56:4d47",-37.7875016219,144.9223589415,19/JUL/18 02:34:51.256930000 AM,"Street Light","A010868","534 RACECOURSE ROAD",,,,
"0000000012159247",0013500500562F7C,"Discovered","fdc5:31e4:14e:96:213:5005:56:2f7c",-37.7890569145,144.9366091966,19/JUL/18 02:34:51.258175000 AM,"Street Light","A027235","87 RACECOURSE ROAD",,,,
"0000000012159238",0013500500562BD0,"Discovered","fdc5:31e4:14e:96:213:5005:56:2bd0",-37.7889373372,144.9367171984,19/JUL/18 02:34:51.259444000 AM,"Street Light","A027237","135 RACECOURSE ROAD",,,,
"0000000012159249",0013500500562630,"Discovered","fdc5:31e4:14e:96:213:5005:56:2630",-37.7887814148,144.9352608868,19/JUL/18 02:34:51.263455000 AM,"Street Light","A133406","159 RACECOURSE ROAD",,,,
"0000000012159239",0013500500562F78,"Discovered","fdc5:31e4:14e:96:213:5005:56:2f78",-37.7888710181,144.9361492907,19/JUL/18 02:34:51.264951000 AM,"Street Light","A133404","135 RACECOURSE ROAD",,,,
"0000000012159376",0013500500564E3B,"Discovered","fdc5:31e4:14e:2d:213:5005:56:4e3b",-37.7889835724,144.9360925834,19/JUL/18 02:34:51.279151000 AM,"Street Light","A090439","135 RACECOURSE ROAD",,,,
"0000000012159547",00135005005628B8,"Discovered","fdc5:31e4:14e:96:213:5005:56:28b8",-37.7886390523,144.9339939655,19/JUL/18 02:34:51.280541000 AM,"Street Light","A030672","203 RACECOURSE ROAD",,,,
"0000000012159246",001350050056264A,"Discovered","fdc5:31e4:14e:96:213:5005:56:264a",37.7885534458,144.933105206,19/JUL/18 02:34:51.283615000 AM,"Street Light","A030674","235 RACECOURSE ROAD",,,,
"0000000012159282",0013500500562BD1,"Discovered","fdc5:31e4:14e:96:213:5005:56:2bd1",-37.7885892348,144.9334843903,19/JUL/18 02:34:51.285378000 AM,"Street Light","A030673","225 RACECOURSE ROAD",,,,
"0000000012159279",001350050056264E,"Discovered","fdc5:31e4:14e:96:213:5005:56:264e",37.7886909764,144.934487619,19/JUL/18 02:34:51.286780000 AM,"Street Light","A137794","203 RACECOURSE ROAD",,,,
"0000000012159281",0013500500562F81,"Discovered","fdc5:31e4:14e:96:213:5005:56:2f81",37.7886771287,144.934268412,19/JUL/18 02:34:51.288144000 AM,"Street Light","A030671","203 RACECOURSE ROAD",,,,
"0000000012159280",0013500500562F83,"Discovered","fdc5:31e4:14e:96:213:5005:56:2f83",37.7885230951,144.932861364,19/JUL/18 02:34:51.301836000 AM,"Street Light","A032428","247 RACECOURSE ROAD",,,,
"0000000012159587",0013500500564169,"Discovered","fdc5:31e4:14e:2d:213:5005:56:4169",-37.7969974745,144.9298384437,19/JUL/18 02:34:51.123015000 AM,"Street Light","A028379","34 ORMOND STREET",,,,
"0000000012159388",0013500500563446,"Discovered","fdc5:31e4:14e:2d:213:5005:56:3446",-37.7966028868,144.9305126914,19/JUL/18 02:34:51.127018000 AM,"Street Light","A028363","6 ORMOND STREET",,,,
"0000000012159586",00135005005647F2,"Discovered","fdc5:31e4:14e:2d:213:5005:56:47f2",-37.7972354663,144.9294320059,19/JUL/18 02:34:51.128969000 AM,"Street Light","A028378","52 ORMOND STREET",,,,
"0000000012159384",0013500500564E0D,"Discovered","fdc5:31e4:14e:2d:213:5005:56:4e0d",-37.7984085635,144.9274220088,19/JUL/18 02:34:51.130294000 AM,"Street Light","A028373","95 ORMOND STREET",,,,
"0000000012159592",0013500500565093,"Discovered","fdc5:31e4:14e:2d:213:5005:56:5093",-37.7984027497,144.9269048383,19/JUL/18 02:34:51.131704000 AM,"Street Light","A028389","100 ORMOND STREET",,,,
"0000000012159509",001350050056305F,"Discovered","fdc5:31e4:14e:2d:213:5005:56:305f",-37.7987369145,144.9263316303,19/JUL/18 02:34:51.132996000 AM,"Street Light","A133994","127 ORMOND STREET",,,,
"0000000012159548",001350050056286B,"Discovered","fdc5:31e4:14e:2d:213:5005:56:286b",-37.7986137408,144.9267584076,19/JUL/18 02:34:51.134305000 AM,"Street Light","A114376","100 ORMOND STREET",,,,
"0000000012159588",00135005005642D1,"Discovered","fdc5:31e4:14e:54:213:5005:56:42d1",-37.7988807704,144.9266024703,19/JUL/18 02:34:51.138251000 AM,"Street Light","A028370","125 ORMOND STREET",,,,
"0000000012159576",00135005005642DD,"Discovered","fdc5:31e4:14e:54:213:5005:56:42dd",-37.7990968034,144.9262295955,19/JUL/18 02:34:51.156326000 AM,"Street Light","A028369","133 ORMOND STREET",,,,
"0000000012159542",001350050056305D,"Discovered","fdc5:31e4:14e:96:213:5005:56:305d",-37.7900373411,144.9327469742,19/JUL/18 02:34:51.157696000 AM,"Street Light","A113613","26 PARSONS STREET",,,,
"0000000012159554",0013500500563040,"Discovered","fdc5:31e4:14e:96:213:5005:56:3040",-37.7899526213,144.9331022591,19/JUL/18 02:34:51.166079000 AM,"Street Light","A028581","33 PARSONS STREET",,,,
"0000000012159591",001350050056480F,"Discovered","fdc5:31e4:14e:2d:213:5005:56:480f",-37.7900778264,144.9342797868,19/JUL/18 02:34:51.167689000 AM,"Street Light","A113607","59 PARSONS STREET",,,,
"0000000012159396",001350050056344B,"Discovered","fdc5:31e4:14e:2d:213:5005:56:344b",-37.7900047337,144.9335550576,19/JUL/18 02:34:51.173165000 AM,"Street Light","A028582","41 PARSONS STREET",,,,
"0000000012159430",001350050056342F,"Discovered","fdc5:31e4:14e:96:213:5005:56:342f",-37.7887255327,144.9304392375,19/JUL/18 02:34:51.175248000 AM,"Street Light","A028570","313 RACECOURSE ROAD",,,,
"0000000012159550",0013500500563009,"Discovered","fdc5:31e4:14e:96:213:5005:56:3009",-37.7880982978,144.9279407104,19/JUL/18 02:34:51.176803000 AM,"Street Light","A030682","375 RACECOURSE ROAD",,,,
"0000000012159278",0013500500562676,"Discovered","fdc5:31e4:14e:96:213:5005:56:2676",-37.7880562607,144.9275500783,19/JUL/18 02:34:51.180892000 AM,"Street Light","A030683","383 RACECOURSE ROAD",,,,
"0000000012159552",0013500500562865,"Discovered","fdc5:31e4:14e:96:213:5005:56:2865",-37.7881392936,144.9283244794,19/JUL/18 02:34:51.182347000 AM,"Street Light","A030681","363 RACECOURSE ROAD",,,,
"0000000012159251",0013500500562F82,"Discovered","fdc5:31e4:14e:96:213:5005:56:2f82",-37.7882164461,144.9290855677,19/JUL/18 02:34:51.186357000 AM,"Street Light","A030417"," RACECOURSE ROAD",,,,
"0000000012159268",0013500500562648,"Discovered","fdc5:31e4:14e:96:213:5005:56:2648",-37.7882358038,144.9293029037,19/JUL/18 02:34:51.187961000 AM,"Street Light","A030416","336 RACECOURSE ROAD",,,,
"0000000012159272",0013500500562643,"Discovered","fdc5:31e4:14e:96:213:5005:56:2643",-37.787840156,144.925512152,19/JUL/18 02:34:51.203010000 AM,"Street Light","A030421","446 RACECOURSE ROAD",,,,
"0000000012159270",0013500500562BBF,"Discovered","fdc5:31e4:14e:96:213:5005:56:2bbf",-37.7877609432,144.9248502501,19/JUL/18 02:34:51.205111000 AM,"Street Light","A030691","454 RACECOURSE ROAD",,,,
"0000000012159495",00135005005634B5,"Discovered","fdc5:31e4:14e:2d:213:5005:56:34b5",-37.7914589548,144.9315645469,19/JUL/18 02:34:51.309254000 AM,"Street Light","A028436","89 RANKINS ROAD",,,,
"0000000012159514",001350050056348A,"Discovered","fdc5:31e4:14e:2d:213:5005:56:348a",-37.7936473611,144.9310737902,19/JUL/18 02:34:51.310673000 AM,"Street Light","A137956","149 RANKINS ROAD",,,,
"0000000012159513",0013500500562880,"Discovered","fdc5:31e4:14e:2d:213:5005:56:2880",-37.7938846618,144.9311109258,19/JUL/18 02:34:51.311976000 AM,"Street Light","A026997","159 RANKINS ROAD",,,,
"0000000012159512",0013500500562881,"Discovered","fdc5:31e4:14e:2d:213:5005:56:2881",37.794140646,144.93106406,19/JUL/18 02:34:51.313411000 AM,"Street Light","A133987","165 RANKINS ROAD",,,,
"0000000012159523",00135005005634A6,"Discovered","fdc5:31e4:14e:96:213:5005:56:34a6",-37.7890913152,144.9320283595,19/JUL/18 02:34:51.325385000 AM,"Street Light","A022003","19 RANKINS ROAD",,,,
"0000000012159493",001350050056286A,"Discovered","fdc5:31e4:14e:96:213:5005:56:286a",-37.7893718938,144.9318085845,19/JUL/18 02:34:51.327133000 AM,"Street Light","A022001","22 RANKINS ROAD",,,,
"0000000012159579",0013500500564801,"Discovered","fdc5:31e4:14e:2d:213:5005:56:4801",-37.7929793872,144.9329815781,19/JUL/18 02:34:51.328652000 AM,"Street Light","A026979","33 ROBERTSON STREET",,,,
"0000000012159539",00135005005634A3,"Discovered","fdc5:31e4:14e:2d:213:5005:56:34a3",-37.7930684252,144.9337586749,19/JUL/18 02:34:51.330250000 AM,"Street Light","A026977","45 ROBERTSON STREET",,,,
"0000000012159412",0013500500564D4B,"Discovered","fdc5:31e4:14e:2d:213:5005:56:4d4b",-37.7928836938,144.9320484765,19/JUL/18 02:34:51.331652000 AM,"Street Light","A026983","7 ROBERTSON STREET",,,,
"0000000012159553",001350050056349C,"Discovered","fdc5:31e4:14e:2d:213:5005:56:349c",-37.7915265398,144.9324655721,19/JUL/18 02:34:51.343780000 AM,"Street Light","A030881","16 SMITH STREET",,,,
"0000000012159313",0013500500564737,"Discovered","fdc5:31e4:14e:2d:213:5005:56:4737",-37.7917594542,144.9355661296,19/JUL/18 02:34:51.345099000 AM,"Street Light","A030872","80 SMITH STREET",,,,
"0000000012159604",00135005005643A0,"Discovered","fdc5:31e4:14e:2d:213:5005:56:43a0",-37.7916796625,144.9339955615,19/JUL/18 02:34:51.346865000 AM,"Street Light","A030877","52 SMITH STREET",,,,
"0000000012159393",0013500500561AE8,"Discovered","fdc5:31e4:14e:96:213:5005:56:1ae8",37.7880031353,144.924527125,19/JUL/18 02:34:51.348239000 AM,"Street Light","A133975","1 SMITHFIELD ROAD",,,,
"0000000012159561",001350050056349B,"Discovered","fdc5:31e4:14e:96:213:5005:56:349b",-37.7884434698,144.9238390983,19/JUL/18 02:34:51.349779000 AM,"Street Light","A133981","26 SMITHFIELD ROAD",,,,
"0000000012159411",0013500500564D43,"Discovered","fdc5:31e4:14e:2d:213:5005:56:4d43",-37.7885782079,144.9236276809,19/JUL/18 02:34:51.351131000 AM,"Street Light","A021319","26 SMITHFIELD ROAD",,,,
"0000000012159562",00135005005634A9,"Discovered","fdc5:31e4:14e:96:213:5005:56:34a9",-37.7878805607,144.9247185654,19/JUL/18 02:34:51.352421000 AM,"Street Light","A021323","1 SMITHFIELD ROAD",,,,
"0000000012159399",0013500500561AE7,"Discovered","fdc5:31e4:14e:96:213:5005:56:1ae7",-37.7886935125,144.9234456838,19/JUL/18 02:34:51.357034000 AM,"Street Light","A021318","26 SMITHFIELD ROAD",,,,
"0000000012159317",001350050056525C,"Discovered","fdc5:31e4:14e:40:213:5005:56:525c",-37.7942522524,144.9143681818,19/JUL/18 02:34:51.358329000 AM,"Street Light","A026277","70 SPEAKMEN STREET",,,,
"0000000012159312",0013500500565243,"Discovered","fdc5:31e4:14e:54:213:5005:56:5243",-37.7942522524,144.9143681818,19/JUL/18 02:34:51.359556000 AM,"Street Light","A026277","70 SPEAKMEN STREET",,,,
"0000000012159306",00135005005652B3,"Discovered","fdc5:31e4:14e:54:213:5005:56:52b3",-37.7947525527,144.9138114005,19/JUL/18 02:34:51.360855000 AM,"Street Light","A026275","70 SPEAKMEN STREET",,,,
"0000000012159366",0013500500564D41,"Discovered","fdc5:31e4:14e:96:213:5005:56:4d41",-37.7892065279,144.9360460559,19/JUL/18 02:34:51.362445000 AM,"Street Light","A104949","8 STUBBS STREET",,,,
"0000000012159307",0013500500564744,"Discovered","fdc5:31e4:14e:2d:213:5005:56:4744",-37.7894005684,144.9360125967,19/JUL/18 02:34:51.363808000 AM,"Street Light","A026180","8 STUBBS STREET",,,,
"0000000012159369",0013500500564E35,"Discovered","fdc5:31e4:14e:54:213:5005:56:4e35",-37.7897801138,144.9359404646,19/JUL/18 02:34:51.365561000 AM,"Street Light","A026181","11 STUBBS STREET",,,,
"0000000012159401",0013500500561AE6,"Discovered","fdc5:31e4:14e:2d:213:5005:56:1ae6",-37.7902237565,144.9356609408,19/JUL/18 02:34:51.366951000 AM,"Street Light","A026195","36 STUBBS STREET",,,,
"0000000012159330",0013500500564746,"Discovered","fdc5:31e4:14e:2d:213:5005:56:4746",-37.7910236685,144.9356944681,19/JUL/18 02:34:51.380830000 AM,"Street Light","A026184","60 STUBBS STREET",,,,
"0000000012159452",0013500500564721,"Discovered","fdc5:31e4:14e:2d:213:5005:56:4721",-37.7913767156,144.9356324158,19/JUL/18 02:34:51.382163000 AM,"Street Light","A113760","57 STUBBS STREET",,,,
"0000000012159310",00135005005652B6,"Discovered","fdc5:31e4:14e:2d:213:5005:56:52b6",-37.7920880881,144.9354978965,19/JUL/18 02:34:51.383500000 AM,"Street Light","A026187","35 STUBBS STREET",,,,
"0000000012159544",00135005005634A7,"Discovered","fdc5:31e4:14e:2d:213:5005:56:34a7",-37.7924617576,144.9354273188,19/JUL/18 02:34:51.384855000 AM,"Street Light","A026188","86 STUBBS STREET",,,,
"0000000012159418",0013500500564D4C,"Discovered","fdc5:31e4:14e:2d:213:5005:56:4d4c",-37.7928605372,144.9353492276,19/JUL/18 02:34:51.386133000 AM,"Street Light","A026959","113 STUBBS STREET",,,,
"0000000012159470",0013500500564E34,"Discovered","fdc5:31e4:14e:2b:213:5005:56:4e34",-37.7932188576,144.9352790529,19/JUL/18 02:34:51.387476000 AM,"Street Light","A026960","129 STUBBS STREET",,,,
"0000000012159457",001350050056474F,"Discovered","fdc5:31e4:14e:2d:213:5005:56:474f",-37.7936077043,144.9352023948,19/JUL/18 02:34:51.388774000 AM,"Street Light","A026962","141 STUBBS STREET",,,,
"0000000012159311",0013500500564706,"Discovered","fdc5:31e4:14e:2d:213:5005:56:4706",-37.7938897459,144.9351479699,19/JUL/18 02:34:51.390079000 AM,"Street Light","A026963","141 STUBBS STREET",,,,
"0000000012159304",001350050056471A,"Discovered","fdc5:31e4:14e:2d:213:5005:56:471a",-37.7941879054,144.9350897116,19/JUL/18 02:34:51.391346000 AM,"Street Light","A026964","153 STUBBS STREET",,,,
"0000000012159302",001350050056473B,"Discovered","fdc5:31e4:14e:2d:213:5005:56:473b",-37.7944914757,144.9350301323,19/JUL/18 02:34:51.392657000 AM,"Street Light","A026965","161 STUBBS STREET",,,,
"0000000012159600",0013500500564166,"Discovered","fdc5:31e4:14e:2d:213:5005:56:4166",-37.7984464024,144.9293675727,19/JUL/18 02:34:51.395320000 AM,"Street Light","A028338","52 TENNYSON STREET",,,,
"0000000012159582",00135005005642DF,"Discovered","fdc5:31e4:14e:2d:213:5005:56:42df",-37.7994076626,144.9277121151,19/JUL/18 02:34:51.396849000 AM,"Street Light","A028341"," TENNYSON STREET",,,,
"0000000012159371",0013500500564D3E,"Discovered","fdc5:31e4:14e:5b:213:5005:56:4d3e",37.7810321094,144.910916715,19/JUL/18 02:34:51.400632000 AM,"Street Light","A009723","1 VICTORY PARADE",,,,
"0000000012159298",00135005005652BD,"Discovered","fdc5:31e4:14e:9e:213:5005:56:52bd",-37.7923970812,144.9233556511,19/JUL/18 02:34:51.402024000 AM,"Street Light","A136518","46 WESTBOURNE ROAD",,,,
"0000000012159608",0013500500563552,"Discovered","fdc5:31e4:14e:2d:213:5005:56:3552",-37.7938430492,144.9277733284,19/JUL/18 02:34:51.403347000 AM,"Street Light","A026286","23 WIGHT STREET",,,,
"0000000012159598",00135005005643A1,"Discovered","fdc5:31e4:14e:2d:213:5005:56:43a1",-37.7969970711,144.9282269187,19/JUL/18 02:34:51.405519000 AM,"Street Light","A026856","53 WOLSELEY PARADE",,,,
"0000000012159609",0013500500564170,"Discovered","fdc5:31e4:14e:2d:213:5005:56:4170",-37.792293677,144.9298084817,19/JUL/18 02:44:13.385198000 AM,"Street Light","A030277","126 BELLAIR STREET",,,,
"0000000012159262",001350050056357E,"Discovered","fdc5:31e4:14e:2d:213:5005:56:357e",-37.79266275,144.930040053,19/JUL/18 02:44:13.386696000 AM,"Street Light","A026359","140 BELLAIR STREET",,,,
"0000000012159533",0013500500562883,"Discovered","fdc5:31e4:14e:2d:213:5005:56:2883",-37.796641889,144.9351973959,19/JUL/18 02:44:13.387969000 AM,"Street Light","A028996","1 BENT STREET",,,,
"0000000012159508",001350050056305C,"Discovered","fdc5:31e4:14e:2d:213:5005:56:305c",-37.796101902,144.9315419217,19/JUL/18 02:44:13.389293000 AM,"Street Light","A131543","165 EASTWOOD STREET",,,,
"0000000012159374",0013500500564D44,"Discovered","fdc5:31e4:14e:9e:213:5005:56:4d44",-37.780521353,144.9117862838,19/JUL/18 02:44:13.390517000 AM,"Street Light","A128963","8 LANGS ROAD",,,,
"0000000012159541",001350050056300C,"Discovered","fdc5:31e4:14e:2d:213:5005:56:300c",-37.793236221,144.9276506488,19/JUL/18 02:44:13.391762000 AM,"Street Light","A126555","76 MCCRACKEN STREET",,,,
"0000000012159574",001350050056413E,"Discovered","fdc5:31e4:14e:2d:213:5005:56:413e",-37.798606425,144.9270927921,19/JUL/18 02:44:13.393105000 AM,"Street Light","A028372","100 ORMOND STREET",,,,
"0000000012159577",00135005005643DA,"Discovered","fdc5:31e4:14e:2d:213:5005:56:43da",-37.789580075,144.9275450092,19/JUL/18 02:44:13.398193000 AM,"Street Light","A021380","403 RACECOURSE ROAD",,,,
"0000000012159543",00135005005634B8,"Discovered","fdc5:31e4:14e:96:213:5005:56:34b8",-37.787625641,144.9234539358,19/JUL/18 02:44:13.399662000 AM,"Street Light","A030695","413 RACECOURSE ROAD",,,,
"0000000012159367",0013500500564E4D,"Discovered","fdc5:31e4:14e:96:213:5005:56:4e4d",-37.788903844,144.9363645527,19/JUL/18 02:44:13.401128000 AM,"Street Light","A133402","135 RACECOURSE ROAD",,,,
"0000000012159551",00135005005634AB,"Discovered","fdc5:31e4:14e:96:213:5005:56:34ab",-37.788452955,144.9322231659,19/JUL/18 02:44:13.402642000 AM,"Street Light","A133631","265 RACECOURSE ROAD",,,,
"0000000012159219",0013500500562BC8,"Discovered","fdc5:31e4:14e:2d:213:5005:56:2bc8",-37.794283667,144.9308442765,19/JUL/18 02:44:13.403934000 AM,"Street Light","A027000","169 RANKINS ROAD",,,,
"0000000012159501",00135005005628BC,"Discovered","fdc5:31e4:14e:2d:213:5005:56:28bc",-37.791598135,144.9332540068,19/JUL/18 02:44:13.405251000 AM,"Street Light","A030879","36 SMITH STREET",,,,
"0000000012159419",0013500500561BCE,"Discovered","fdc5:31e4:14e:2d:213:5005:56:1bce",-37.790655415,144.9357660843,19/JUL/18 02:44:13.406903000 AM,"Street Light","A026183","48 STUBBS STREET",,,,
"0000000012159519",00135005005634B6,"Discovered","fdc5:31e4:14e:2d:213:5005:56:34b6",-37.789732426,144.9285197001,19/JUL/18 02:47:44.528200000 AM,"Street Light","A126500","18 ANTHONY STREET",,,,
"0000000012159250",0013500500562F7D,"Discovered","fdc5:31e4:14e:96:213:5005:56:2f7d",-37.7884894411,144.9325587362,19/JUL/18 02:34:51.306304000 AM,"Street Light","A133418","247 RACECOURSE ROAD",,,,
"0000000012159505",0013500500563484,"Discovered","fdc5:31e4:14e:96:213:5005:56:3484",-37.7898105656,144.9317355998,19/JUL/18 02:34:51.307896000 AM,"Street Light","A113612","34 RANKINS ROAD",,,,
"0000000012159208",0013500500562666,"Discovered","fdc5:31e4:14e:2d:213:5005:56:2666",,,,"Street Light","","",,,,
"0000000012159445",0013500500564751,"Discovered","fdc5:31e4:14e:96:213:5005:56:4751",,,,"Street Light","","",,,,
"0000000012159213",0013500500562620,"Discovered","fdc5:31e4:14e:96:213:5005:56:2620",,,,"Street Light","","",,,,
"0000000012159611",0013500500563560,"Discovered","fdc5:31e4:14e:2d:213:5005:56:3560",,,,"Street Light","","",,,,
"0000000012159189",0013500500562652,"Discovered","fdc5:31e4:14e:40:213:5005:56:2652",,,,"Street Light","","",,,,
"0000000012159557",0013500500563051,"Discovered","fdc5:31e4:14e:96:213:5005:56:3051",,,,"Street Light","","",,,,
"0000000012159207",0013500500562BAC,"Discovered","fdc5:31e4:14e:54:213:5005:56:2bac",,,,"Street Light","","",,,,
"0000000012159181",0013500500562F73,"New","",,,,"Street Light","","",,,,
"0000000012159252",0013500500562679,"New","",,,,"Street Light","","",,,,
"0000000012159492",00135005005634B7,"New","",,,,"Street Light","","",,,,
"0000000012159478",0013500500564D45,"New","",,,,"Street Light","","",,,,
"0000000012159560",00135005005634AA,"New","",-37.7896712862,144.9026819722,19/JUL/18 02:34:50.894926000 AM,"Street Light","A011662","79 FISHER PARADE",,,,
"0000000012159303",0013500500564729,"New","",-37.7890049732,144.9374587311,19/JUL/18 02:34:51.260772000 AM,"Street Light","A027236","120 RACECOURSE ROAD",,,,
"0000000012159277",0013500500562677,"New","",-37.7888220209,144.9356433119,19/JUL/18 02:34:51.262131000 AM,"Street Light","A133405","159 RACECOURSE ROAD",,,,
"0000000012159241",0013500500562F72,"New","",37.7884591502,144.933192693,19/JUL/18 02:34:51.282252000 AM,"Street Light","A113635","235 RACECOURSE ROAD",,,,

"0000000012159173",0013500500562A8C,"Unreachable","fdc5:31e4:14e:1a:213:5005:56:2a8c",,,,"Street Light","","",,,,
